strainName,NA,10,20,40,80
B6NJ-Ajap1-/- Cyfip2-S968F<J> H Breed HOM X HOM BREED SOME,0,0,4,4,4
B6NJ-Bcl11b+/- Cyfip2-S968F<J> H Lethal,0,0,12,12,12
B6NJ-Chn1-/- Cyfip2-S968F<J> HSubVi 4p,0,0,2,2,2
B6NJ-Cxxc4-/- Cyfip2-S968F<J> Hom Poor Breeders,0,0,18,18,18
B6NJ-Cyfip2 S968F<J> (GET204),0,0,22,22,22
B6NJ-Fndc4-/- Cyfip2-S968F<J> Hom Breed Well,5,0,30,30,20
B6NJ-Isca1tm1a+/- Cyfip2-S968F<J> Hlethal,1,0,2,2,0
B6NJ-Isca1tm1b+/- Cyfip2-S968F<J> H Lethal,0,0,18,18,18
B6NJ-KCNH3-/- Cyfip2-S968F<J> Hom Breed Well,0,0,36,36,36
B6NJ-Lcorl-/- Cyfip2-S968F<J> HSubVi,0,0,4,4,4
B6NJ-Macrod2-/- Cyfip2-S968F<J> Hom Breed Well,3,0,26,26,18
B6NJ-Pcyox1l-/- Cyfip2-S968F<J> HOM BREED,0,0,12,12,12
B6NJ-Pdzd8-/- Cyfip2-S968F<J> Hom Poor Breeders,0,0,2,2,2
B6NJ-Ppfia3-/- Cyfip2-S968F<J> Hom Poor Breeders,0,0,30,30,30
B6NJ-Ptpru-/- Cyfip2-S968F<J> Hom Breed Well,0,0,26,26,26
B6NJ-Rap2b-/- Cyfip2-S968F<J> HSubVi,0,0,4,4,4
B6NJ-Safb2-/- Cyfip2-S968F<J> HSubVi,0,0,6,6,6
B6NJ-Scamp5+/- Cyfip2-S968F<J> HLethal,0,0,6,6,6
B6NJ-Shisa7-/- Cyfip2-S968F<J> Hom Breed Well,0,0,8,8,8
B6NJ-Slc26a10-/- Cyfip2-S968F<J> Hom Breed Well,0,0,20,20,20
B6NJ-Strn3+/- Cyfip2-S968F<J> H Lethal,0,0,26,26,26
B6NJ-Tars3-/- Cyfip2-S968F<J> HOK,0,0,34,34,34
B6NJ-Tmem 79-/- Cyfip2-S968F<J> Hom fur scruffy,0,0,10,10,10
B6NJ-Tmem151b-/- Cyfip2-S968F<J> Hom Breed Well,9,0,34,34,16
B6NJ-Tppp-/- Cyfip2-S968F<J> HOK,0,0,20,20,20
B6NJ-Zfp536+/- Cyfip2-S968F<J> H Lethal,0,0,36,36,36
B6SJL-Tg(5xFAD) HEMI,0,0,12,12,12
B6SJL-Tg(5xFAD) NCAR,0,0,12,12,12
C57BL/6J,29,32,46,46,26
C57BL/6NJ,24,32,16,16,16
DBA/2J,5,0,20,20,0
